MBLU,Block,Lot,Unit,Location,Heat_Sys_Desc
    101,      2,    101,       ,58A WEST MAIN ST #101,Gas
    101,      2,    102,       ,58B WEST MAIN ST #102,Gas
    101,      2,    103,       ,58C WEST MAIN ST #103,Gas
    101,      2,    104,       ,58D WEST MAIN ST #104,Gas
    101,      2,    201,       ,58E WEST MAIN ST #201,Gas
    101,      2,    202,       ,58F WEST MAIN ST #202,Gas
    101,      2,    203,       ,58G WEST MAIN ST #203,Gas
    101,      2,    204,       ,58H WEST MAIN ST #204,Gas
    101,      2,    301,       ,56A WEST MAIN ST #301,Gas
    101,      2,    302,       ,56B WEST MAIN ST #302,Gas
    101,     18,      0,       ,17 WEST MAIN ST ,Gas
    101,     18,      1,       ,19 WEST MAIN ST ,Gas
    102,     44,      1,      A,73A PEPPERELL RD #A,Gas
    102,     44,      1,      B,73B PEPPERELL RD #B,Gas
    102,     44,      1,      C,73C PEPPERELL RD #C,Gas
    103,     20,    001,       ,79A KEMP ST #1,Oil
    103,     20,    002,       ,79B KEMP ST #2,Oil
    103,     21,    001,       ,81A KEMP ST #1,Oil
    103,     21,    002,       ,81B KEMP ST #2,Oil
    103,     35,      1,       ,8A BRADLEY DR #A,Gas
    103,     35,      2,       ,8B BRADLEY DR #B,Gas
    103,     35,      3,       ,8C BRADLEY DR #C,Gas
    103,     35,      4,       ,8D BRADLEY DR #D,Gas
    103,     35,      5,       ,8E BRADLEY DR #E,Gas
    103,     35,      6,       ,18A BRADLEY DR #A,Gas
    103,     35,      7,       ,18B BRADLEY DR #B,Gas
    103,     35,      8,       ,18C BRADLEY DR #C,Gas
    103,     35,      9,       ,18D BRADLEY DR #D,Gas
    103,     35,     10,       ,18E BRADLEY DR #E,Gas
    103,     35,     11,       ,22A BRADLEY DR #A,Gas
    103,     35,     12,       ,22B BRADLEY DR #B,Gas
    103,     35,     13,       ,22C BRADLEY DR #C,Gas
    103,     35,     14,       ,22D BRADLEY DR #D,Gas
    103,     35,     15,       ,26A BRADLEY DR #A,Gas
    103,     35,     16,       ,26B BRADLEY DR #B,Gas
    103,     35,     17,       ,26C BRADLEY DR #C,Gas
    103,     35,     18,       ,26D BRADLEY DR #D,Gas
    110,      3,    001,       ,391A MAIN ST #A,Gas
    110,      3,    002,       ,391B MAIN ST #B,Gas
    110,     22,    001,       ,195A MILL ST #1,Gas
    110,     22,    002,       ,195B MILL ST #2,Gas
    111,     23,      1,       ,71 CHAMPNEY ST #A,Gas
    111,     23,      2,       ,71 CHAMPNEY ST #B,Gas
    111,     23,      3,       ,71 CHAMPNEY ST #C,Gas
    111,     23,      4,       ,71 CHAMPNEY ST #D,Gas
    111,     64,      1,       ,118A HOLLIS ST #A,Gas
    111,     64,      2,       ,118B HOLLIS ST #B,Gas
    111,     64,      3,       ,118C HOLLIS ST #C,Gas
    112,    114,      0,       ,52 HOLLIS ST ,Gas
    112,    114,      1,       ,50 HOLLIS ST ,Gas
    112,    136,      0,       ,8-10 HOLLIS ST ,Oil
    112,    136,      0,       ,8-10 HOLLIS ST ,Oil
    112,    136,      0,       ,8-10 HOLLIS ST ,Oil
    113,      7,      1,       ,142A MAIN ST #A,Oil
    113,      9,      1,      0,134LL MAIN ST #LL,Oil
    113,      9,      1,      1,134-1A MAIN ST #1A,Oil
    113,      9,      1,      2,134-1B MAIN ST #1B,Oil
    113,      9,      1,      3,134-1C MAIN ST #1C,Oil
    113,      9,      2,      1,134-2A MAIN ST #2A,Gas
    113,      9,      2,      2,134-2B MAIN ST #2B,Gas
    113,      9,      2,      3,134-2C MAIN ST #2C,Gas
    113,      9,     18,      1,18A BLACKSMITH ROW #A,Oil
    113,      9,     18,      2,18B BLACKSMITH ROW #B,Oil
    113,      9,     18,      3,18C BLACKSMITH ROW #C,Oil
    113,      9,     19,      1,19A BLACKSMITH ROW #A,Oil
    113,      9,     19,      2,19B BLACKSMITH ROW #B,Oil
    113,      9,     21,      2,21A BLACKSMITH ROW #A,Oil
    113,      9,     21,      3,21B BLACKSMITH ROW #B,Oil
    113,      9,     22,      1,22A BLACKSMITH ROW #A,Gas
    113,      9,     22,      2,22B BLACKSMITH ROW #B,Gas
    113,      9,     22,      3,22C BLACKSMITH ROW #C,Gas
    113,      9,     24,      1,24A BLACKSMITH ROW #A,Gas
    113,      9,     25,      1,25A BLACKSMITH ROW #A,Gas
    113,      9,     25,      2,25B BLACKSMITH ROW #B,Gas
    113,      9,     25,      3,25C BLACKSMITH ROW #C,Gas
    113,      9,     27,      1,27A BLACKSMITH ROW #A,Gas
    113,     19,    001,       ,103-1 MAIN ST #1,Oil
    113,     19,    002,       ,105-2 MAIN ST #2,Oil
    113,     69,      0,      A,15A COURT ST ,Gas
    113,     69,      0,      B,15B COURT ST ,Gas
    115,     41,      1,       ,1A MAIN ST #A,Gas
    115,     41,      2,       ,1B MAIN ST #B,Gas
    118,      7,    001,       ,501A BOSTON RD,Electric
    118,      7,    002,       ,501B BOSTON RD,Electric
    118,      8,    001,       ,503A BOSTON RD,Electric
    118,      8,    002,       ,503B BOSTON RD ,Electric
    118,      9,      A,       ,505A BOSTON RD,Electric
    118,      9,      B,       ,505B BOSTON RD,Electric
    120,      2,     40,      1,58 HUMMINGBIRD LN #1,Gas
    120,      2,     40,      8,84 HUMMINGBIRD LN #8,Gas
    120,      2,     40,      9,88 HUMMINGBIRD LN #9,Gas
    120,      2,     40,     16,120 HUMMINGBIRD LN #16,Gas
    120,      2,     40,     17,35 HUMMINGBIRD LN #17,Gas
    120,      2,     40,     20,45 HUMMINGBIRD LN #18,Gas
    120,      2,     40,     21,75 HUMMINGBIRD LN #21,Gas
    120,      2,     40,     22,95 HUMMINGBIRD LN #22,Gas
    120,      2,     40,     2A,46A HUMMINGBIRD LN #2A,Gas
    120,      2,     40,     3B,46B HUMMINGBIRD LN #3B,Oil
    120,      2,     40,     4A,72A HUMMINGBIRD LN ,Gas
    120,      2,     40,     5B,72B HUMMINGBIRD LN #5B,Gas
    120,      2,     40,     6C,72C HUMMINGBIRD LN #6C,Gas
    120,      2,     40,     7D,72D HUMMINGBIRD LN #7D,Gas
    120,      2,     40,    10A,100A HUMMINGBIRD LN #10A,Gas
    120,      2,     40,    11B,100B HUMMINGBIRD LN #11B,Gas
    120,      2,     40,    12C,100C HUMMINGBIRD LN #12C,Gas
    120,      2,     40,    13D,100D HUMMINGBIRD LN #13D,Gas
    120,      2,     40,    14A,100E HUMMINGBIRD LN ,Gas
    120,      2,     40,    15B,108 HUMMINGBIRD LN ,Gas
    120,      2,     40,    18B,63B HUMMINGBIRD LN #18B,Oil
    120,      2,     40,    19A,63A HUMMINGBIRD LN #19A,Gas
    120,      2,     40,    23B,115B HUMMINGBIRD LN #23B,Gas
    120,      2,     40,    24A,115A HUMMINGBIRD LN #24A,Gas
    121,     28,    001,       ,663A BOSTON RD,Oil
    121,     28,    002,       ,663B BOSTON RD,Oil
    121,     60,      A,       ,584A BOSTON RD ,Oil
    121,     60,      B,       ,584B BOSTON RD,Oil
    122,      4,    001,       ,15A SUMMIT AVE #1,Oil
    122,      4,    002,       ,15B SUMMIT AVE #2,Oil
    122,     66,      0,       ,90 RIDGEWOOD AVE ,Oil
    122,     67,      1,       ,82 RIDGEWOOD AVE ,Gas
    122,     67,      2,       ,86 RIDGEWOOD AVE ,Gas
    124,     19,      1,       ,37A TAVERN RD ,Gas
    124,     19,      2,       ,37B TAVERN RD ,Gas
    124,     35,      0,      A,19A INDIAN RD ,Gas
    124,     35,      0,      B,19B INDIAN RD ,Gas
    125,     86,    001,       ,7A INDIAN RD #1,Oil
    125,     86,    002,       ,7B INDIAN RD #2,Oil
    126,     45,      1,       ,1A LOST LAKE DR #A,Oil
    126,     45,      2,       ,1B LOST LAKE DR #B,Oil
    127,     10,      1,      A,749A LOWELL RD #A,Gas
    127,     10,      2,      B,749B LOWELL RD #B,Gas
    127,     33,      1,       ,10A FAWN TERRACE LN #A,Oil
    127,     33,      2,       ,10B FAWN TERRACE LN #B,Oil
    129,     74,      1,,6A LONG COPE RD ,Gas
    129,     74,      2,,6B LONG COPE RD ,Gas
    129,    123,      A,       ,24A PINE TRL #A,Oil
    129,    123,      B,       ,24B PINE TRL #B,Oil
    129,    133,      0,       ,45-1 MOUNTAIN LAKES TRL #1,Oil
    129,    134,      0,       ,47-1 MOUNTAIN LAKES TRL #1,Oil
    129,    248,      1,       ,61 ARROW TRL ,Gas
    129,    248,      2,       ,69 ARROW TRL ,Gas
    129,    279,      1,       ,6A LONGFELLOW RD #A,Oil
    129,    279,      2,       ,6B LONGFELLOW RD #B,Gas
    129,    279,      3,       ,6C LONGFELLOW RD #C,Oil
    133,      9,      2,      A,14A WHILEY RD,Gas
    133,      9,      2,      B,14B WHILEY RD,Gas
    135,     20,      1,       ,243A FORGE VILLAGE RD #A,Oil
    135,     20,      2,       ,243B FORGE VILLAGE RD #B,Oil
    135,     34,     1A,       ,218 FORGE VILLAGE RD #A,Gas
    135,     34,     2B,       ,218 FORGE VILLAGE RD #B,Gas
    136,     43,      1,       ,202-1 HAYDEN RD #1,Oil
    136,     43,      2,       ,204-2 HAYDEN RD #2,Oil
    136,     44,      1,       ,196 HAYDEN RD,Oil
    136,     44,      2,       ,198 HAYDEN RD,Oil
    137,     13,    001,       ,12A BROOKFIELD DR #1,Gas
    137,     13,    002,       ,12B BROOKFIELD DR #2,Gas
    137,     13,    003,       ,12C BROOKFIELD DR #3,Gas
    137,     13,    004,       ,12D BROOKFIELD DR #4,Gas
    137,     13,    005,       ,12E BROOKFIELD DR #5,Gas
    137,     13,    006,       ,12F BROOKFIELD DR #6,Gas
    137,     13,    007,       ,15A BROOKFIELD DR #7,Gas
    137,     13,    008,       ,15B BROOKFIELD DR #8,Gas
    137,     13,    009,       ,15C BROOKFIELD DR #9,Gas
    137,     13,    010,       ,15D BROOKFIELD DR #10,Gas
    137,     13,    011,       ,15E BROOKFIELD DR #11,Gas
    137,     13,    012,       ,15F BROOKFIELD DR #12,Gas
    137,     13,    013,       ,16A BROOKFIELD DR #13,Gas
    137,     13,    014,       ,16B BROOKFIELD DR #14,Gas
    137,     13,    015,       ,16C BROOKFIELD DR #15,Gas
    137,     13,    016,       ,16D BROOKFIELD DR #16,Gas
    137,     13,    017,       ,16E BROOKFIELD DR #17,Gas
    137,     13,    018,       ,16F BROOKFIELD DR #18,Gas
    137,     13,    019,       ,27A BROOKFIELD DR #19,Gas
    137,     13,    020,       ,27B BROOKFIELD DR #20,Gas
    137,     13,    021,       ,27C BROOKFIELD DR #21,Gas
    137,     13,    022,       ,27D BROOKFIELD DR #22,Gas
    137,     13,    023,       ,27E BROOKFIELD DR #23,Gas
    137,     13,    024,       ,29A BROOKFIELD DR #24,Gas
    137,     13,    025,       ,29B BROOKFIELD DR #25,Gas
    137,     13,    026,       ,29C BROOKFIELD DR #26,Gas
    137,     13,    027,       ,29D BROOKFIELD DR #27,Gas
    137,     13,    028,       ,29E BROOKFIELD DR #28,Gas
    137,     13,    029,       ,33A BROOKFIELD DR #29,Gas
    137,     13,    030,       ,33B BROOKFIELD DR #30,Gas
    137,     13,    031,       ,33C BROOKFIELD DR #31,Gas
    137,     13,    032,       ,33D BROOKFIELD DR #32,Gas
    137,     13,    033,       ,33E BROOKFIELD DR #33,Gas
    137,     13,    034,       ,33F BROOKFIELD DR #34,Gas
    137,     13,    035,       ,5A BROOKFIELD DR #35,Gas
    137,     13,    036,       ,5B BROOKFIELD DR #36,Gas
    138,      1,    001,       ,289A FORGE VILLAGE RD #1,Oil
    138,      1,    002,       ,289B FORGE VILLAGE RD #2,Oil
    202,     80,      1,       ,698A TOWNSEND RD #A,Gas
    202,     80,      2,       ,698B TOWNSEND RD #B,Gas
    202,     80,      3,       ,690C TOWNSEND RD #C,Gas
    202,     80,      4,       ,680D TOWNSEND RD #D,Gas
    204,     10,     34,      1,2A ROSE CREST WAY ,Gas
    204,     10,     34,      2,2B ROSE CREST WAY,Gas
    204,     10,     34,      3,8 ROSE CREST WAY,Gas
    204,     10,     34,      4,6 ROSE CREST WAY,Oil
    204,     10,     34,      5,12A ROSE CREST WAY,Gas
    204,     10,     34,      6,12B ROSE CREST WAY,Oil
    204,     10,     34,      7,10 ROSE CREST WAY,Gas
    204,     10,     36,      1,7A LILAC CIR,Gas
    204,     10,     36,      2,7B LILAC CIR,Gas
    204,     10,     36,      3,9A LILAC CIR,Gas
    204,     10,     36,      4,9B LILAC CIR,Gas
    204,     10,     36,      5,11A LILAC CIR,Gas
    204,     10,     36,      6,11B LILAC CIR,Gas
    204,     10,     36,      7,13 LILAC CIR,Gas
    204,     10,     36,      8,12 LILAC CIR ,Gas
    204,     10,     36,      9,15A LILAC CIR,Oil
    204,     10,     36,     10,15B LILAC CIR,Oil
    204,     10,     36,     11,15C LILAC CIR,Oil
    204,     10,     36,     12,10A LILAC CIR,Gas
    204,     10,     36,     13,10B LILAC CIR,Gas
    204,     10,     36,     14,8A LILAC CIR ,Gas
    204,     10,     36,     15,8B LILAC CIR,Gas
    204,     10,     36,     16,6A LILAC CIR,Gas
    204,     10,     36,     17,6B LILAC CIR,Gas
    204,     10,     42,      1,21 MAGNOLIA LN,Oil
    204,     10,     42,      2,25 MAGNOLIA LN,Gas
    204,     10,     42,      3,29 MAGNOLIA LN,Oil
    204,     10,     42,      4,33 MAGNOLIA LN,Gas
    204,     10,     42,      5,35 MAGNOLIA LN,Gas
    204,     10,     42,      6,37 MAGNOLIA LN,Gas
    204,     10,     42,      7,39 MAGNOLIA LN ,Gas
    204,     10,     42,      8,41 MAGNOLIA LN,Gas
    204,     10,     42,      9,45 MAGNOLIA LN,Gas
    204,     10,     42,     10,49 MAGNOLIA LN,Gas
    204,     10,     42,     11,55 MAGNOLIA LN,Gas
    204,     10,     42,     12,57 MAGNOLIA LN ,Gas
    204,     10,     42,     13,67 MAGNOLIA LN,Gas
    216,      1,      5,       ,489 MAIN ST ,Gas
    216,      1,     1A,       ,491-A MAIN ST #A,Gas
    216,      1,     1B,       ,491-B MAIN ST #B,Gas
    216,      1,     1C,       ,491-C MAIN ST #C,Gas
    216,      1,     1D,       ,491-D MAIN ST #D,Gas
    216,      1,     1E,       ,491-E MAIN ST #E,Gas
    216,      1,     1F,       ,491-F MAIN ST #F,Gas
    216,      1,     1G,       ,491-G MAIN ST #G,Gas
    216,      1,     2C,       ,493-C MAIN ST #C,Gas
    216,      1,     2E,       ,493-E MAIN ST #E,Gas
    216,      1,     2F,       ,493-F MAIN ST #F,Gas
    216,      1,     2G,       ,493-G MAIN ST #G,Gas
    216,      1,     3A,       ,495-A MAIN ST #A,Gas
    216,      1,     3B,       ,495-B MAIN ST #B,Gas
    216,      1,     3C,       ,495-C MAIN ST #C,Gas
    216,      1,     3D,       ,495-D MAIN ST #D,Gas
    216,      1,     3E,       ,495-E MAIN ST #E,Gas
    216,      1,     4A,       ,497-A MAIN ST #4A,Gas
    216,      1,     4B,       ,497-B MAIN ST #B,Gas
    216,      1,     4C,       ,497-C MAIN ST #C,Gas
    216,      1,     4D,       ,497-D MAIN ST #D,Gas
    216,      1,     4E,       ,497-E MAIN ST #E,Gas
    216,      1,     4F,       ,497-F MAIN ST #F,Gas
    216,     12,      0,     1A,511A MAIN ST #A,Gas
    216,     12,      0,     1B,511B MAIN ST #B,Gas
    216,     12,      0,     1C,511C MAIN ST #C,Gas
    216,     12,      0,     1D,511D MAIN ST #D,Gas
    216,     12,      0,     2A,513A MAIN ST #A,Gas
    216,     12,      0,     2B,513B MAIN ST #B,Gas
    216,     12,      0,     2C,513C MAIN ST #C,Gas
    216,     12,      0,     2D,513D MAIN ST #D,Gas
    216,     12,      0,     3A,523A MAIN ST #A,Gas
    216,     12,      0,     3B,523B MAIN ST #B,Gas
    216,     12,      0,     3C,523C MAIN ST #C,Gas
    216,     12,      0,     3D,523D MAIN ST #D,Gas
    216,     12,      0,     4A,521A MAIN ST #A,Gas
    216,     12,      0,     4B,521B MAIN ST #B,Gas
    216,     12,      0,     4C,521C MAIN ST #C,Gas
    216,     12,      0,     4D,521D MAIN ST #D,Gas
    216,     12,      0,     5A,519A MAIN ST #A,Gas
    216,     12,      0,     5B,519B MAIN ST #B,Gas
    216,     12,      0,     5C,519C MAIN ST #C,Gas
    216,     12,      0,     5D,519D MAIN ST #D,Gas
    216,     12,      0,     6A,517A MAIN ST #A,Gas
    216,     12,      0,     6B,517B MAIN ST #B,Gas
    216,     12,      0,     6C,517C MAIN ST #C,Gas
    216,     12,      0,     6D,517D MAIN ST #D,Gas
    216,     12,      0,     7A,515A MAIN ST #A,Gas
    216,     12,      0,     7B,515B MAIN ST #B,Gas
    216,     12,      0,     7C,515C MAIN ST #C,Gas
    216,     12,      0,     7D,515D MAIN ST #D,Gas
    216,     12,      0,     8A,509A MAIN ST #A,Gas
    216,     12,      0,     8B,509B MAIN ST #B,Gas
    216,     12,      0,     8C,509C MAIN ST #C,Gas
    216,     12,      0,     8D,509D MAIN ST #D,Gas
    216,     12,      0,     9A,507A MAIN ST #A,Gas
    216,     12,      0,     9B,507B MAIN ST #B,Gas
    216,     12,      0,     9C,507C MAIN ST #C,Gas
    216,     12,      0,     9D,507D MAIN ST #D,Gas
    216,     12,      0,    10A,505A MAIN ST #A,Gas
    216,     12,      0,    10B,505B MAIN ST #B,Gas
    216,     12,      0,    10C,505C MAIN ST #C,Gas
    216,     12,      0,    10D,505D MAIN ST #D,Gas
    216,     12,      0,    11A,503A MAIN ST #A,Gas
    216,     12,      0,    11B,503B MAIN ST #B,Gas
    216,     12,      0,    11C,503C MAIN ST #C,Gas
    216,     12,      0,    11D,503D MAIN ST #D,Gas
    216,     31,      1,      A,176A GRATUITY RD ,Gas
    216,     31,      2,      B,176B GRATUITY RD ,Gas
    216,     78,      1,       ,78  NOD RD  #A,Gas
    216,     78,      2,       ,78  NOD RD  #B,Oil
    216,     99,      1,      A,458A MAIN ST #A,Electric
    216,     99,      1,      B,458B MAIN ST #B,Electric
    220,     10,      A,       ,91A CULVER RD #A,Oil
    220,     10,      B,       ,91B CULVER RD #B,Gas
    224,     24,     1A,       ,180A MARTINS POND RD,Gas
    224,     24,     1B,       ,180B MARTINS POND RD,Gas
    225,     11,    001,       ,68-1 COMMON ST #1,Oil
    225,     11,    002,       ,68-2 COMMON ST #2,Oil
    225,     11,    003,       ,68-3 COMMON ST #3,Oil
    225,     25,    001,       ,37 SHEPLE LN ,Gas
    225,     25,    002,       ,39 SHEPLE LN #2,Oil
    225,     25,    003,       ,41 SHEPLE LN #3,Oil
    225,     25,    004,       ,43 SHEPLE LN #4,Gas
    225,     25,    005,       ,47 SHEPLE LN #5,Oil
    225,     25,    006,       ,49 SHEPLE LN #6,Oil
    225,     25,    007,       ,44 SHEPLE LN #7,Oil
    225,     25,    008,       ,42 SHEPLE LN #8,Gas
    225,     25,    009,       ,40 SHEPLE LN #9,Gas
    226,      2,      1,      A,23A MCGOVERN WAY ,Gas
    226,      2,      1,      B,23B MCGOVERN WAY ,Gas
    226,      2,      2,      A,57A LEGACY LN ,Gas
    226,      2,      2,      B,57B LEGACY LN ,Gas
    226,      2,      3,      A,67A LEGACY LN ,Gas
    226,      2,      3,      B,67B LEGACY LN ,Gas
    226,      2,      4,      A,86A LEGACY LN ,Gas
    226,      2,      4,      B,86B LEGACY LN ,Gas
    226,      2,      5,      A,70A LEGACY LN ,Gas
    226,      2,      5,      B,70B LEGACY LN ,Gas
    226,      2,      6,      A,58A LEGACY LN ,Gas
    226,      2,      6,      B,58B LEGACY LN ,Gas
    226,      2,      7,      A,46A LEGACY LN ,Gas
    226,      2,      7,      B,46B LEGACY LN ,Gas
    226,      2,      8,      A,38A LEGACY LN ,Gas
    226,      2,      8,      B,38B LEGACY LN ,Gas
    226,      2,      9,      A,24A LEGACY LN ,Gas
    226,      2,      9,      B,24B LEGACY LN ,Gas
    226,      2,     11,      A,29A LEGACY LN ,Gas
    226,      2,     11,      B,29B LEGACY LN ,Gas
    226,      2,     12,      A,45A LEGACY LN ,Gas
    226,      2,     12,      B,45B LEGACY LN ,Gas
    226,      2,     13,      A,26A MCGOVERN WAY ,Gas
    226,      2,     13,      B,26B MCGOVERN WAY ,Gas
    227,    110,     5A,       ,285A NASHUA RD #A,Gas
    227,    110,     5B,       ,285B NASHUA RD #B,Oil
    227,    110,     5C,       ,285C NASHUA RD #C,Oil
    227,    110,     5D,       ,285D NASHUA RD #D,Oil
    227,    110,     5E,       ,285E NASHUA RD #E,Gas
    227,    110,     5F,       ,285F NASHUA RD #F,Oil
    227,    110,     5G,       ,285G NASHUA RD #G,Gas
    227,    110,     5H,       ,285H NASHUA RD #H,Oil
    227,    110,     5I,       ,285I NASHUA RD #I,Gas
    227,    110,     5J,       ,285J NASHUA RD #J,Oil
    228,     51,    001,       ,411L NASHUA RD #1,Oil
    228,     51,    002,       ,411R NASHUA RD #2,Oil
    228,     60,      1,      J,1 OLIVIA WAY #J,Gas
    228,     60,      2,     AA,2 OLIVIA WAY #AA,Gas
    228,     60,      3,      I,3 OLIVIA WAY #I,Gas
    228,     60,      5,      H,5 OLIVIA WAY #H,Gas
    228,     60,      6,      B,6 OLIVIA WAY #B,Gas
    228,     60,      7,      G,7 OLIVIA WAY #G,Gas
    228,     60,      9,      F,9 OLIVIA WAY #F,Gas
    228,     60,     10,      C,10 OLIVIA WAY #C,Gas
    228,     60,     13,      E,13 OLIVIA WAY #E,Gas
    228,     60,     14,      D,14 OLIVIA WAY #D,Gas
    229,      2,      0,      1,2A RED PEPPER LN ,Gas
    229,      2,      0,      2,2B RED PEPPER LN ,Gas
    229,      9,    001,       ,434-1 NASHUA RD #1,Oil
    229,      9,    002,       ,434-2 NASHUA RD #2,Oil
    247,      6,      1,       ,503A OLD DUNSTABLE RD #A,Oil
    247,      6,      2,       ,503B OLD DUNSTABLE RD #B,Oil
    250,     19,      1,       ,26A MCCARTHY DR #A,Oil
    250,     19,      2,       ,28B MCCARTHY DR #B,Oil
    250,     61,    001,       ,44A GRANITEVILLE RD,Oil
    250,     61,    002,       ,44B GRANITEVILLE RD,Oil

