"USECODE","FUELTYPE","AREASQ","STORYHEIGHT"
"101","Coal or Wood",318,"1"
"031","Coal or Wood",1020,"1"
"316","Coal or Wood",1800,"1"
"316","Coal or Wood",2200,"1"
"316","Coal or Wood",2200,"1"
"316","Coal or Wood",2850,"1"
"316","Coal or Wood",3800,"1"
"316","Coal or Wood",4350,"1"
"316","Coal or Wood",4750,"1"
"316","Coal or Wood",5040,"1"
"316","Coal or Wood",5800,"1"
"316","Coal or Wood",7305,"1"
"402","Coal or Wood",7424,"1"
"807","Coal or Wood",231,"1"
"915","Coal or Wood",300,"1"
"322","Coal or Wood",1047,"1"
"101","Coal or Wood",468,"1"
"101","Coal or Wood",400,"1"
"101","Coal or Wood",400,"1"
"931","Coal or Wood",255,"1"
"101","Electric",1458,"1.5"
"109","Electric",1314,"2"
"101","Electric",1742,"1"
"101","Electric",936,"1"
"101","Electric",1158,"1"
"101","Electric",1691,"1"
"105","Electric",2850,"2"
"105","Electric",1749,"1"
"031","Electric",3679,"1.5"
"109","Electric",565,"1.5"
"104","Electric",2074,"2"
"101","Electric",1032,"1.5"
"101","Electric",1632,"2"
"101","Electric",1786,"2"
"101","Electric",1790,"2"
"101","Electric",1998,"2.5"
"101","Electric",1138,"1"
"101","Electric",1182,"1"
"101","Electric",1976,"2"
"111","Electric",1652,"2"
"104","Electric",2470,"1"
"101","Electric",1272,"1.5"
"101","Electric",1450,"1"
"101","Electric",1860,"2"
"101","Electric",1144,"1"
"101","Electric",1260,"1"
"101","Electric",1335,"1"
"101","Electric",1824,"2"
"101","Electric",1222,"1"
"101","Electric",1204,"1"
"101","Electric",1222,"1"
"101","Electric",472,"1"
"101","Electric",504,"1"
"102","Electric",1080,"2"
"102","Electric",1080,"2"
"102","Electric",1080,"2"
"102","Electric",1080,"2"
"101","Electric",1512,"1.75"
"101","Electric",962,"2"
"101","Electric",1456,"2"
"101","Electric",1976,"1.75"
"101","Electric",2216,"2"
"101","Electric",1976,"1.75"
"101","Electric",2031,"2"
"101","Electric",2010,"2"
"101","Electric",1737,"1.5"
"101","Electric",2195,"2"
"101","Electric",2007,"2"
"111","Electric",1680,"2"
"111","Electric",1740,"2"
"101","Electric",722,"1.75"
"104","Electric",2488,"1"
"101","Electric",2310,"1.75"
"101","Electric",1188,"1"
"101","Electric",1248,"1"
"101","Electric",1594,"2"
"101","Electric",1544,"1"
"971","Electric",1560,"1"
"101","Electric",656,"1"
"903","Electric",1176,"1"
"903","Electric",5936,"2"
"903","Electric",5936,"2"
"903","Electric",5936,"2"
"431","Electric",336,"1"
"101","Electric",864,"1"
"326","Electric",4880,"1"
"903","Electric",480,"1"
"101","Electric",1464,"1.5"
"340","Electric",4266,"1"
"101","Electric",2716,"2"
"101","Electric",2597,"2"
"101","Electric",2178,"2"
"101","Electric",1700,"1"
"111","Electric",1728,"1"
"111","Electric",1440,"1"
"104","Electric",2640,"2"
"104","Electric",1620,"1"
"104","Electric",1888,"1"
"101","Electric",1980,"1"
"101","Electric",2224,"1"
"104","Electric",1548,"1.75"
"101","Electric",2008,"1"
"101","Electric",2588,"2"
"101","Electric",1590,"1"
"101","Electric",2456,"2"
"101","Electric",1399,"1.75"
"111","Electric",4331,"2"
"111","Electric",2595,"1"
"111","Electric",2651,"1"
"101","Electric",3360,"2"
"101","Electric",2543,"2"
"101","Electric",1954,"1"
"109","Electric",1520,"1"
"101","Electric",1332,"1"
"101","Electric",888,"1"
"101","Electric",1202,"1"
"101","Electric",2041,"1"
"101","Electric",1942,"1"
"101","Electric",1305,"1"
"101","Electric",2754,"2"
"101","Electric",930,"1"
"101","Electric",768,"1"
"101","Electric",1455,"2"
"103","Electric",384,"1"
"101","Electric",864,"1.5"
"101","Electric",1328,"2"
"102","Electric",1340,"2"
"102","Electric",1340,"2"
"111","Electric",2112,"1"
"104","Electric",2800,"2"
"101","Electric",2409,"1.5"
"101","Electric",2352,"2"
"010","Electric",1666,"1"
"101","Electric",1972,"2.5"
"404","Electric",2800,"2"
"101","Electric",1352,"2"
"101","Electric",1698,"1"
"109","Electric",734,"1"
"101","Electric",1392,"1"
"101","Electric",1814,"1.25"
"038","Electric",480,"1"
"038","Electric",5150,"1"
"101","Electric",1332,"1"
"101","Electric",1152,"1.5"
"101","Electric",1248,"1"
"101","Electric",1362,"1"
"101","Electric",1792,"1.75"
"101","Electric",1527,"2"
"101","Electric",3777,"2"
"342","Electric",1088,"1"
"101","Electric",2340,"1"
"105","Electric",1188,"1"
"101","Electric",1652,"1"
"101","Electric",1336,"1"
"109","Electric",906,"1"
"101","Electric",2615,"1.75"
"104","Electric",1521,"1.75"
"109","Electric",768,"1"
"104","Electric",1166,"1"
"101","Electric",2474,"1.75"
"101","Electric",3883,"1.75"
"101","Electric",858,"1"
"101","Electric",2466,"1"
"101","Electric",1144,"1"
"101","Electric",1196,"1"
"101","Electric",1500,"1"
"101","Electric",1194,"1"
"101","Electric",1248,"1"
"101","Electric",1972,"2"
"101","Electric",1672,"1"
"101","Electric",1638,"1.75"
"101","Electric",1200,"1"
"943","Electric",5849,"2"
"101","Gas",1592,"1.5"
"340","Gas",4312,"1.75"
"013","Gas",1728,"2"
"101","Gas",1011,"1.5"
"013","Gas",2928,"2"
"330","Gas",6470,"1"
"104","Gas",1602,"1"
"104","Gas",1602,"1"
"101","Gas",2505,"2"
"101","Gas",1490,"1"
"101","Gas",1544,"1"
"101","Gas",1548,"1"
"104","Gas",5572,"2"
"101","Gas",916,"1.5"
"101","Gas",2873,"1.5"
"101","Gas",1240,"1.5"
"102","Gas",2200,"1"
"102","Gas",2156,"1"
"102","Gas",2200,"1"
"102","Gas",1302,"2"
"101","Gas",1050,"1"
"102","Gas",1248,"2"
"102","Gas",1248,"2"
"102","Gas",2200,NA
"102","Gas",2200,"1"
"102","Gas",1760,"1"
"101","Gas",2389,"2"
"101","Gas",1361,"2"
"101","Gas",1688,"2"
"101","Gas",3267,"1.5"
"101","Gas",1385,"1"
"102","Gas",1904,"2"
"102","Gas",1904,"2"
"101","Gas",1681,"2"
"101","Gas",2389,"1.5"
"101","Gas",1894,"1.75"
"102","Gas",1302,"2"
"101","Gas",1960,"1.75"
"101","Gas",2359,"2"
"101","Gas",3809,"2"
"101","Gas",3040,"2"
"101","Gas",1092,"1"
"101","Gas",3339,"2"
"101","Gas",2692,"2"
"101","Gas",3028,"2"
"101","Gas",2967,"2"
"101","Gas",2442,"1"
"101","Gas",3031,"2"
"101","Gas",3794,"2"
"101","Gas",2380,"2"
"101","Gas",2712,"2"
"101","Gas",2364,"2"
"101","Gas",2717,"1"
"101","Gas",2413,"1.75"
"101","Gas",2935,"1.75"
"102","Gas",1604,"1"
"102","Gas",1604,"1"
"102","Gas",1008,"1"
"102","Gas",1008,"1"
"101","Gas",1232,"1"
"316","Gas",39100,"1"
"316","Gas",3250,"1"
"102","Gas",1842,"2"
"102","Gas",1842,"2"
"102","Gas",1548,"1"
"102","Gas",1540,"1"
"102","Gas",1445,"1"
"102","Gas",1986,"1"
"102","Gas",1828,"1"
"102","Gas",2086,"1"
"102","Gas",1708,"1"
"102","Gas",2024,"1"
"102","Gas",2144,"1"
"102","Gas",1986,"1"
"102","Gas",1986,"1"
"102","Gas",1986,"1"
"102","Gas",1478,"1"
"102","Gas",1477,"1"
"102","Gas",1804,"1"
"102","Gas",1681,"1"
"102","Gas",1488,"1"
"102","Gas",1488,"1"
"102","Gas",1488,"1"
"102","Gas",1488,"1"
"101","Gas",2951,"2"
"101","Gas",887,"1"
"101","Gas",2454,"2"
"101","Gas",1728,"1"
"101","Gas",2333,"2"
"101","Gas",2701,"2"
"101","Gas",2331,"2"
"101","Gas",2468,"2"
"102","Gas",1592,"1"
"102","Gas",1986,"1"
"102","Gas",1540,"1"
"102","Gas",1548,"1"
"102","Gas",1622,"1"
"102","Gas",1986,"1"
"102","Gas",1986,"1"
"102","Gas",1986,"1"
"102","Gas",1958,"1"
"102","Gas",2102,"1"
"102","Gas",1972,"1"
"102","Gas",1842,"1"
"102","Gas",1975,"1"
"102","Gas",1972,"1"
"102","Gas",1548,"2"
"102","Gas",1548,"2"
"102","Gas",1630,"2"
"102","Gas",1650,"2"
"102","Gas",1546,"2"
"102","Gas",1546,"2"
"102","Gas",1628,"1"
"102","Gas",1507,"1"
"102","Gas",1548,"1"
"102","Gas",1548,"1"
"102","Gas",1548,"1"
"102","Gas",1548,"1"
"102","Gas",1656,"1"
"102","Gas",1605,"1"
"102","Gas",1658,"1"
"102","Gas",1571,"1"
"101","Gas",2269,"2"
"101","Gas",2580,"2"
"101","Gas",2378,"2"
"101","Gas",2172,"2"
"101","Gas",2424,"2"
"101","Gas",2331,"2"
"101","Gas",2749,"2"
"101","Gas",1714,"1"
"101","Gas",2513,"2"
"101","Gas",1593,"1"
"101","Gas",2700,"2"
"101","Gas",1904,"1"
"101","Gas",2490,"2"
"101","Gas",1700,"2"
"101","Gas",1323,"1"
"101","Gas",1480,"1"
"101","Gas",2048,"2"
"102","Gas",2240,"2"
"102","Gas",2156,"2"
"102","Gas",1876,"2"
"102","Gas",1876,"2"
"102","Gas",2615,"2"
"102","Gas",2615,"2"
"102","Gas",1876,"2"
"102","Gas",1876,"2"
"102","Gas",1876,"2"
"102","Gas",1876,NA
"081","Gas",2920,"2"
"081","Gas",2920,"2"
"102","Gas",1852,"2"
"102","Gas",1852,"2"
"102","Gas",2094,"1.75"
"102","Gas",2094,"1.75"
"102","Gas",2094,"1.75"
"102","Gas",2094,"1.75"
"102","Gas",1852,"1"
"102","Gas",1492,"1"
"102","Gas",1915,"1"
"102","Gas",1764,"1"
"102","Gas",1417,"1"
"102","Gas",2360,"1"
"102","Gas",1548,"1"
"102","Gas",1833,"1"
"102","Gas",1953,"1"
"102","Gas",1748,"1"
"102","Gas",1438,"1"
"102","Gas",1428,"1"
"102","Gas",2094,"1.75"
"102","Gas",2094,"1.75"
"102","Gas",2192,"1.75"
"102","Gas",2192,"1.75"
"102","Gas",2192,"1.75"
"102","Gas",2192,"1.75"
"102","Gas",2094,"1.75"
"102","Gas",2192,"1.75"
"102","Gas",1852,"1.75"
"102","Gas",2094,"1.75"
"101","Gas",3880,"2"
"101","Gas",2327,"2"
"326","Gas",4504,"1"
"316","Gas",41600,"1"
"102","Gas",2229,"2"
"102","Gas",2470,"2"
"101","Gas",2697,"1.75"
"101","Gas",2341,"2"
"101","Gas",3340,"2"
"101","Gas",2686,"2"
"101","Gas",2368,"2"
"101","Gas",3137,"2"
"101","Gas",3137,"2"
"101","Gas",3170,"2"
"101","Gas",3777,"2"
"101","Gas",2386,"2"
"101","Gas",3774,"2"
"101","Gas",2214,"2"
"101","Gas",2902,"2"
"102","Gas",1914,"1"
"102","Gas",1986,"1"
"102","Gas",1571,"1"
"102","Gas",1958,"1"
"102","Gas",1540,"1"
"102","Gas",1540,"1"
"101","Gas",2270,"1.75"
"101","Gas",3492,"2"
"102","Gas",1571,"1"
"102","Gas",1525,"1"
"101","Gas",3020,"2"
"101","Gas",2644,"2"
"101","Gas",2314,"2"
"101","Gas",2387,"2"
"101","Gas",2401,"2"
"102","Gas",1558,"1"
"102","Gas",1971,"2"
"101","Gas",3229,"2"
"104","Gas",2066,"1.5"
"101","Gas",2552,"2"
"101","Gas",2897,"2"
"340","Gas",2870,"1"
"340","Gas",2124,"1"
"340","Gas",1560,"1"
"340","Gas",1560,"1"
"101","Gas",1248,"1"
"401","Gas",423883,"1"
"316","Gas",4032,"1"
"316","Gas",362937,"1"
"331","Gas",6212,"1"
"401","Gas",373550,"1"
"402","Gas",12800,"1"
"013","Gas",2800,"2"
"316","Gas",6750,"1"
"316","Gas",6750,"1"
"322","Gas",5752,"1"
"112","Gas",72596,"4"
"101","Gas",2028,"2"
"101","Gas",2020,"2"
"401","Gas",299228,"1"
"333","Gas",7360,"1"
"333","Gas",7656,"1"
"333","Gas",9674,"1"
"402","Gas",9044,"1"
"101","Gas",2847,"2"
"101","Gas",3733,"2"
"101","Gas",3589,"2"
"101","Gas",3179,"2"
"101","Gas",3650,"2"
"101","Gas",2384,"2"
"101","Gas",3318,"2"
"101","Gas",3085,"2"
"101","Gas",3214,"2"
"101","Gas",2999,"2"
"101","Gas",2920,"2"
"101","Gas",480,"1"
"101","Gas",4228,"2"
"101","Gas",3480,"2"
"101","Gas",3718,"2"
"101","Gas",4705,"2"
"101","Gas",3301,"2"
"101","Gas",3843,"2"
"101","Gas",4140,"2"
"101","Gas",3735,"2"
"101","Gas",3960,"2"
"101","Gas",3212,"2"
"101","Gas",3476,"1.0"
"101","Gas",3467,"2"
"101","Gas",2962,"2"
"101","Gas",3529,"2"
"101","Gas",3395,"2"
"101","Gas",4848,"2"
"101","Gas",3436,"2"
"101","Gas",3824,"2"
"101","Gas",3221,"2"
"101","Gas",3345,"2"
"101","Gas",4644,"2"
"101","Gas",1104,"1"
"101","Gas",2004,"1"
"102","Gas",1260,"2"
"102","Gas",1260,"2"
"102","Gas",1262,"2"
"102","Gas",1262,"2"
"102","Gas",1262,"2"
"102","Gas",1254,"2"
"102","Gas",1258,"2"
"102","Gas",1250,"2"
"102","Gas",1262,"2"
"102","Gas",1340,"2"
"102","Gas",1264,"2"
"102","Gas",1252,"2"
"102","Gas",1254,"2"
"102","Gas",1260,"2"
"102","Gas",1256,"2"
"102","Gas",1260,"2"
"102","Gas",1238,"2"
"102","Gas",1256,"2"
"102","Gas",1258,"2"
"102","Gas",1236,"2"
"102","Gas",1240,"2"
"102","Gas",1248,"1"
"102","Gas",1248,"1"
"102","Gas",1238,"2"
"102","Gas",1236,"2"
"102","Gas",1278,"2"
"102","Gas",1279,"1"
"102","Gas",1230,"2"
"102","Gas",1240,"2"
"102","Gas",1230,"2"
"102","Gas",1230,"2"
"102","Gas",1238,"2"
"102","Gas",1232,"2"
"102","Gas",1238,"2"
"102","Gas",1236,"2"
"102","Gas",1259,"2"
"102","Gas",1259,"2"
"102","Gas",1259,"2"
"102","Gas",1259,"2"
"102","Gas",1259,"2"
"102","Gas",1259,"2"
"102","Gas",1262,"2"
"102","Gas",1260,"2"
"102","Gas",1254,"2"
"102","Gas",1256,"2"
"102","Gas",1276,"2"
"102","Gas",1250,"2"
"102","Gas",1264,"2"
"102","Gas",1240,"2"
"102","Gas",1230,"2"
"102","Gas",1230,"2"
"102","Gas",1244,"2"
"102","Gas",1262,"2"
"102","Gas",1260,"2"
"102","Gas",1256,"2"
"102","Gas",1259,"2"
"102","Gas",1260,"2"
"102","Gas",1264,"2"
"102","Gas",1262,"2"
"102","Gas",1238,"2"
"102","Gas",1236,"2"
"102","Gas",1238,"2"
"102","Gas",1276,"2"
"102","Gas",1234,"2"
"102","Gas",1240,"2"
"102","Gas",1254,"2"
"102","Gas",1276,"2"
"102","Gas",1254,"2"
"102","Gas",1256,"2"
"102","Gas",1254,"2"
"102","Gas",1260,"2"
"102","Gas",1340,"2"
"102","Gas",1260,"2"
"102","Gas",1252,"2"
"102","Gas",1340,"2"
"102","Gas",1256,"2"
"102","Gas",1262,"2"
"102","Gas",1340,"2"
"102","Gas",1340,"2"
"102","Gas",1247,"2"
"102","Gas",1340,"2"
"102","Gas",1340,"2"
"102","Gas",1340,"2"
"102","Gas",1258,"2"
"102","Gas",1258,"2"
"102","Gas",1238,"2"
"102","Gas",1240,"2"
"102","Gas",1238,"2"
"102","Gas",1240,"2"
"102","Gas",1244,"2"
"102","Gas",1240,"2"
"102","Gas",1244,"2"
"102","Gas",1254,"2"
"102","Gas",1240,"2"
"102","Gas",1242,"2"
"102","Gas",1340,"2"
"102","Gas",1340,"2"
"102","Gas",1340,"2"
"102","Gas",1340,"2"
"102","Gas",1340,"2"
"102","Gas",1340,"2"
"102","Gas",1340,"2"
"102","Gas",1340,"2"
"102","Gas",1340,"1"
"102","Gas",1340,"2"
"102","Gas",1340,"2"
"102","Gas",1340,"2"
"102","Gas",1274,"2"
"102","Gas",1242,"2"
"102","Gas",1238,"2"
"102","Gas",1240,"2"
"102","Gas",1224,"2"
"102","Gas",1224,"2"
"101","Gas",1120,"1"
"101","Gas",1286,"1"
"101","Gas",2618,"2"
"112","Gas",10602,"3"
"112","Gas",24666,"3"
"112","Gas",32844,"3"
"400","Gas",7820,"1"
"805","Gas",1200,NA
"805","Gas",8690,"1"
"805","Gas",19695,"2"
"101","Gas",3014,"2"
"101","Gas",3101,"2"
"101","Gas",3813,"2"
"101","Gas",3296,"1.75"
"101","Gas",3468,"1"
"101","Gas",3280,"1.75"
"101","Gas",3417,"2"
"101","Gas",3103,"2"
"101","Gas",3877,"2"
"101","Gas",3914,"2"
"101","Gas",4331,"2"
"101","Gas",4232,"2"
"101","Gas",3731,"2"
"101","Gas",3395,"2"
"101","Gas",2899,"2"
"101","Gas",2425,"1.5"
"101","Gas",2448,"2"
"101","Gas",3550,"1.5"
"101","Gas",1632,"2"
"101","Gas",2359,"1.5"
"101","Gas",1344,"1.75"
"101","Gas",3471,"2"
"109","Gas",703,"1.25"
"102","Gas",1236,"2"
"102","Gas",1258,"2"
"102","Gas",1268,"2"
"102","Gas",1234,"2"
"102","Gas",1240,"2"
"102","Gas",1244,"2"
"102","Gas",1262,"2"
"102","Gas",1258,"1"
"102","Gas",1258,"1"
"102","Gas",1252,"2"
"102","Gas",1254,"2"
"102","Gas",1254,"2"
"102","Gas",1248,"1"
"102","Gas",1340,"2"
"102","Gas",1340,"2"
"102","Gas",1340,"2"
"102","Gas",1340,"2"
"102","Gas",1340,"2"
"102","Gas",1340,"2"
"102","Gas",1340,"2"
"102","Gas",1340,"2"
"102","Gas",1340,"2"
"102","Gas",1340,"2"
"102","Gas",1340,"1"
"102","Gas",1340,"2"
"102","Gas",1260,"2"
"102","Gas",1258,"2"
"102","Gas",1259,"2"
"102","Gas",1250,"2"
"102","Gas",1259,"2"
"102","Gas",1254,"2"
"102","Gas",1250,"1"
"102","Gas",1250,"1"
"101","Gas",2675,"1"
"101","Gas",2123,"1"
"101","Gas",2289,"2"
"101","Gas",2720,"2"
"101","Gas",3464,"2"
"101","Gas",2928,"2"
"101","Gas",3969,"1.75"
"101","Gas",3413,"1.5"
"101","Gas",2160,"2"
"101","Gas",2756,"2"
"101","Gas",2935,"2"
"101","Gas",3246,"2"
"101","Gas",2976,"2"
"101","Gas",2711,NA
"101","Gas",2900,"2"
"101","Gas",2672,"2"
"101","Gas",4204,"2"
"101","Gas",2792,"2"
"101","Gas",2624,"2"
"101","Gas",2675,"2"
"101","Gas",2300,"1.5"
"101","Gas",2478,"1.75"
"101","Gas",3640,"1.5"
"101","Gas",3718,"2"
"101","Gas",2446,"1.75"
"101","Gas",1293,"1"
"101","Gas",2004,"2"
"101","Gas",4744,"2"
"101","Gas",2867,"2"
"101","Gas",3778,"2"
"101","Gas",4284,"1.75"
"101","Gas",2904,"2"
"101","Gas",5084,"2"
"101","Gas",945,"1"
"101","Gas",3196,"2"
"101","Gas",1893,"1.5"
"101","Gas",1242,"1"
"101","Gas",1040,"1"
"101","Gas",4131,"2"
"101","Gas",1982,"1"
"101","Gas",2382,NA
"101","Gas",1158,"1.5"
"038","Gas",4470,"1.75"
"101","Gas",2971,"2"
"101","Gas",3808,"2"
"038","Gas",10000,"1"
"101","Gas",1204,"1"
"101","Gas",3276,"2"
"101","Gas",2463,"1.75"
"101","Gas",4567,"1.75"
"101","Gas",2560,"1.5"
"101","Gas",3243,"2"
"101","Gas",1964,"1.75"
"101","Gas",3013,"2"
"101","Gas",3363,"2"
"101","Gas",2913,"2"
"101","Gas",2146,"1"
"101","Gas",945,"1"
"101","Gas",2106,"1.75"
"101","Gas",3186,"2"
"101","Gas",3104,"2"
"101","Gas",3006,"2"
"101","Gas",1697,"1.5"
"101","Gas",1048,"2"
"101","Gas",2632,"1.75"
"101","Gas",1357,"1"
"101","Gas",1710,"1"
"101","Gas",2484,"1.5"
"101","Gas",2106,"1"
"101","Gas",2607,"1.5"
"101","Gas",2309,"1.75"
"101","Gas",1968,"2"
"102","Gas",2092,"2"
"102","Gas",2157,"2"
"101","Gas",1908,"1.75"
"101","Gas",1856,"1"
"101","Gas",2528,"2"
"101","Gas",3227,"2"
"101","Gas",3282,"2"
"101","Gas",3262,"2"
"109","Gas",576,"2"
"101","Gas",1676,"2"
"109","Gas",616,"2"
"101","Gas",3081,"2"
"101","Gas",4126,"1.75"
"101","Gas",3324,"2.5"
"101","Gas",1330,"1"
"071","Gas",1152,"1"
"101","Gas",5359,"1.5"
"109","Gas",1316,"1"
"101","Gas",7040,"2"
"101","Gas",3964,"2"
"101","Gas",2898,"2"
"101","Gas",2231,"1.75"
"101","Gas",2464,"2"
"101","Gas",3360,"2"
"101","Gas",2034,"2"
"101","Gas",3660,"2"
"101","Oil",1356,"1.5"
"101","Oil",1452,"1.75"
"101","Oil",1167,"1.5"
"109","Oil",1120,"1"
"109","Oil",1008,"1.5"
"101","Oil",1275,"1"
"101","Oil",1788,"1"
"101","Oil",1052,"1"
"101","Oil",1809,"1"
"101","Oil",1204,"1.5"
"101","Oil",1663,"1.25"
"101","Oil",2230,"1.75"
"101","Oil",1619,"1.75"
"101","Oil",1656,"1.5"
"101","Oil",1767,"1"
"101","Oil",2240,"1.25"
"101","Oil",3332,"1"
"101","Oil",1319,"1.5"
"101","Oil",2784,"2"
"101","Oil",840,"1"
"109","Oil",2334,"1.5"
"101","Oil",1245,"1"
"101","Oil",1026,"1.5"
"101","Oil",1758,"1"
"101","Oil",1170,"1.5"
"101","Oil",1287,"1.5"
"101","Oil",1484,"2"
"101","Oil",1592,"1.5"
"101","Oil",1065,"1.5"
"101","Oil",1626,"1.75"
"101","Oil",1344,"1.5"
"101","Oil",1296,"1.75"
"101","Oil",1189,"1"
"101","Oil",1726,"1.75"
"342","Oil",2416,"1.5"
"105","Oil",2302,"2.5"
"101","Oil",1382,"1.5"
"101","Oil",1499,"2"
"101","Oil",1226,"1"
"101","Oil",1401,"1.5"
"101","Oil",2205,"2"
"013","Oil",2128,"1.5"
"101","Oil",1309,"1.75"
"340","Oil",4872,"1.5"
"013","Oil",1540,"1.75"
"340","Oil",1328,"1"
"101","Oil",1785,"1.75"
"101","Oil",1064,"1"
"101","Oil",2528,"2"
"101","Oil",1761,"1.5"
"101","Oil",2132,"1.75"
"104","Oil",2290,"1"
"101","Oil",2664,"2"
"101","Oil",1648,"1"
"101","Oil",1201,"1"
"101","Oil",1392,"1.5"
"101","Oil",1520,"1.5"
"101","Oil",1236,"1.75"
"101","Oil",1375,"1"
"101","Oil",1736,"1.75"
"101","Oil",1498,"1"
"101","Oil",1478,"1.75"
"101","Oil",912,"1"
"101","Oil",1272,"1.5"
"101","Oil",1803,"1.5"
"101","Oil",1016,"1"
"101","Oil",1020,"1.5"
"101","Oil",1528,"1.5"
"101","Oil",2211,"1.5"
"101","Oil",1146,"1.5"
"101","Oil",2938,"2"
"101","Oil",1418,"2"
"101","Oil",1569,"1.5"
"330","Oil",17185,"2"
"013","Oil",1853,"1"
"331","Oil",5924,"1"
"101","Oil",1155,"1"
"330","Oil",1920,"1"
"101","Oil",912,"1"
"332","Oil",2992,"2"
"104","Oil",1144,"1"
"101","Oil",1702,"1.75"
"101","Oil",2557,"1.5"
"101","Oil",1196,"1"
"101","Oil",1578,"1.75"
"101","Oil",1152,"1.5"
"101","Oil",1238,"1.5"
"101","Oil",1238,"1.5"
"101","Oil",1444,"1.75"
"101","Oil",1056,"1"
"101","Oil",1064,"1"
"101","Oil",1942,"1.75"
"101","Oil",1684,"1.75"
"101","Oil",2240,"2"
"101","Oil",1444,"1.75"
"101","Oil",1238,"1.5"
"101","Oil",1444,"1.75"
"101","Oil",1444,"1.75"
"101","Oil",1382,"1.5"
"101","Oil",1038,"1.5"
"101","Oil",1466,"1.5"
"101","Oil",1534,"1.75"
"101","Oil",1010,"1"
"101","Oil",2245,"2"
"101","Oil",981,"1.5"
"101","Oil",2895,"1.75"
"101","Oil",1172,"1.5"
"101","Oil",1622,"1"
"101","Oil",1136,"1.5"
"101","Oil",884,"1.25"
"101","Oil",1471,"1.75"
"101","Oil",1066,"1"
"340","Oil",1020,"1.5"
"031","Oil",1182,"1.5"
"101","Oil",1209,"1.5"
"101","Oil",1568,"1"
"010","Oil",2856,"1"
"010","Oil",1741,"1.5"
"101","Oil",1080,"1.5"
"101","Oil",2282,"2.5"
"101","Oil",864,"1"
"101","Oil",1733,"1"
"101","Oil",1092,"1.5"
"109","Oil",1044,"1.5"
"101","Oil",1470,"1.5"
"101","Oil",1482,"1.5"
"101","Oil",1477,"1"
"101","Oil",1557,"1.75"
"101","Oil",1249,"1"
"101","Oil",1410,"1"
"101","Oil",1554,"1"
"101","Oil",2065,"1.5"
"101","Oil",2798,"2"
"101","Oil",2126,"2"
"101","Oil",1664,"2"
"101","Oil",1400,"2"
"104","Oil",1638,"1.75"
"101","Oil",1256,"1"
"101","Oil",1272,"1.5"
"101","Oil",1272,"1.5"
"101","Oil",1196,"1"
"101","Oil",1657,"1.75"
"101","Oil",1358,"1.75"
"101","Oil",1247,"1.5"
"101","Oil",1392,"1.5"
"101","Oil",1464,"1.75"
"101","Oil",1392,"1.5"
"101","Oil",1522,"1"
"101","Oil",1062,"1"
"101","Oil",1680,"1.5"
"101","Oil",1680,"1.75"
"101","Oil",1395,"1.75"
"101","Oil",1742,"1.75"
"101","Oil",1782,"2"
"101","Oil",1224,"1.5"
"101","Oil",1122,"1"
"101","Oil",1584,"1.75"
"101","Oil",1430,"1.5"
"101","Oil",1240,"1.5"
"101","Oil",1590,"2"
"101","Oil",1540,"1"
"101","Oil",1238,"1.5"
"101","Oil",1274,"1.5"
"101","Oil",1240,"1"
"101","Oil",1493,"1.75"
"101","Oil",1125,"1"
"101","Oil",1224,"1.75"
"101","Oil",1443,"1.75"
"101","Oil",1236,"2"
"101","Oil",1708,"1.5"
"101","Oil",1574,"1.75"
"101","Oil",1268,"1.5"
"101","Oil",1277,"1.5"
"101","Oil",1238,"1.5"
"101","Oil",1484,"1.75"
"101","Oil",1436,"1.75"
"101","Oil",1224,"1.5"
"101","Oil",496,"1"
"101","Oil",1420,"1"
"101","Oil",1272,"1.5"
"101","Oil",1974,"1.75"
"101","Oil",1464,"1.75"
"101","Oil",1580,"1.5"
"101","Oil",1332,"1.75"
"101","Oil",1464,"1.75"
"101","Oil",1464,"1.75"
"101","Oil",1272,"1.5"
"101","Oil",1464,"1.75"
"101","Oil",1282,"1.5"
"101","Oil",1460,"1.75"
"101","Oil",864,"1"
"101","Oil",1464,"1.75"
"101","Oil",1060,"1"
"101","Oil",1452,"1.5"
"101","Oil",1619,"1.75"
"101","Oil",1372,"1.5"
"101","Oil",1272,"1.5"
"101","Oil",1464,"1.75"
"101","Oil",1245,"1.5"
"101","Oil",1390,"1"
"101","Oil",1396,"1.5"
"101","Oil",1272,"1.5"
"101","Oil",1304,"1.5"
"101","Oil",1272,"1.5"
"101","Oil",1538,"1.5"
"101","Oil",1272,"1.5"
"101","Oil",1272,"1.5"
"101","Oil",1008,"1"
"101","Oil",1644,"1"
"101","Oil",1032,"1"
"101","Oil",1528,"1.5"
"101","Oil",1760,"2"
"101","Oil",1173,"1"
"101","Oil",1344,"1"
"101","Oil",1554,"1.75"
"101","Oil",1104,"1"
"101","Oil",1300,"1"
"101","Oil",768,"1"
"104","Oil",1872,"1"
"101","Oil",1232,"1"
"101","Oil",1931,"1"
"101","Oil",2012,"1"
"104","Oil",2688,"2"
"101","Oil",1622,"1"
"101","Oil",1586,"1"
"101","Oil",2086,"1.75"
"101","Oil",1352,"1"
"101","Oil",2028,"2"
"101","Oil",998,"1"
"101","Oil",1584,"1.75"
"101","Oil",2469,"1.5"
"101","Oil",4609,"2.5"
"340","Oil",1484,"1.5"
"101","Oil",1025,"1"
"101","Oil",1392,"1.5"
"943","Oil",4163,"1"
"101","Oil",1520,"1"
"101","Oil",1534,"1"
"101","Oil",1684,"1.75"
"101","Oil",1011,"1"
"101","Oil",720,"1"
"101","Oil",1096,"1"
"101","Oil",960,"1"
"101","Oil",792,"1"
"101","Oil",1704,"1.75"
"101","Oil",1290,"1"
"101","Oil",1253,"2"
"101","Oil",2174,"2.5"
"101","Oil",1457,"1.5"
"101","Oil",1224,"1.5"
"101","Oil",2592,"2"
"101","Oil",1570,"1.75"
"101","Oil",1627,"1.75"
"101","Oil",1975,"2"
"101","Oil",1168,"1"
"101","Oil",1220,"1"
"101","Oil",1518,"1.5"
"101","Oil",1559,"2"
"101","Oil",1840,"1.75"
"104","Oil",2770,"2"
"101","Oil",1744,"1"
"101","Oil",1056,"1"
"101","Oil",936,"1"
"101","Oil",1396,"1.5"
"101","Oil",1518,"1.75"
"101","Oil",1088,"1.5"
"101","Oil",1069,"1"
"101","Oil",2493,"2"
"101","Oil",1238,"1.5"
"101","Oil",1862,"2"
"101","Oil",678,"1.5"
"101","Oil",950,"1.5"
"101","Oil",897,"1"
"101","Oil",864,"1"
"101","Oil",1890,"1.75"
"101","Oil",2240,"2"
"101","Oil",1248,"2.25"
"101","Oil",1355,"1"
"101","Oil",1167,"1"
"101","Oil",1846,"1.5"
"101","Oil",1700,"1"
"101","Oil",1519,"1.75"
"101","Oil",1431,"2"
"101","Oil",1692,"1.5"
"101","Oil",1649,"1.25"
"101","Oil",1884,"1.5"
"101","Oil",864,"1"
"101","Oil",1238,"1.5"
"101","Oil",1294,"1"
"101","Oil",1098,"1.5"
"101","Oil",1843,"1.75"
"101","Oil",1016,"1.5"
"101","Oil",1224,"1"
"101","Oil",960,"1"
"101","Oil",1352,"1"
"101","Oil",2051,"2"
"101","Oil",1596,"1.75"
"101","Oil",1493,"2"
"101","Oil",1678,"1.75"
"101","Oil",2106,"1"
"101","Oil",1376,"1"
"101","Oil",1080,"1"
"101","Oil",1690,"1"
"101","Oil",726,"1"
"101","Oil",1344,"1"
"101","Oil",1826,"1"
"101","Oil",1116,"1"
"101","Oil",1002,"1.25"
"101","Oil",1834,"2"
"101","Oil",1188,"1.5"
"101","Oil",1821,"1.75"
"101","Oil",1213,"1.75"
"101","Oil",2510,"1"
"101","Oil",1092,"1"
"101","Oil",1584,"2"
"101","Oil",1280,"1.75"
"101","Oil",1155,"1.5"
"109","Oil",475,"1"
"109","Oil",872,"1"
"101","Oil",936,"1.5"
"101","Oil",1027,"1.5"
"101","Oil",672,"1"
"101","Oil",1990,"1"
"101","Oil",1334,"1.25"
"104","Oil",2048,"1.5"
"101","Oil",2886,"2"
"101","Oil",1248,"1"
"101","Oil",948,"1"
"101","Oil",922,"1"
"101","Oil",1920,"2"
"101","Oil",1997,"2"
"101","Oil",2010,"2"
"101","Oil",2937,"2"
"101","Oil",2252,"2"
"101","Oil",2376,"2"
"101","Oil",1996,"2"
"101","Oil",2006,"2"
"101","Oil",2266,"2"
"101","Oil",2644,"1"
"101","Oil",2814,"2"
"101","Oil",2340,"2"
"101","Oil",2017,"2"
"101","Oil",1866,"1"
"101","Oil",2258,"2"
"101","Oil",2116,"1.75"
"101","Oil",2739,"2"
"101","Oil",1862,"1.75"
"101","Oil",2000,"2"
"101","Oil",1796,"1.75"
"101","Oil",2019,"2"
"101","Oil",2861,"1"
"101","Oil",2865,"1"
"101","Oil",2224,"2"
"101","Oil",1056,"1"
"101","Oil",1040,"1"
"101","Oil",1043,"1"
"101","Oil",1040,"1"
"101","Oil",1168,"1"
"101","Oil",1040,"1"
"101","Oil",1914,"2"
"101","Oil",1610,"1.75"
"101","Oil",2376,"2"
"101","Oil",3340,"2"
"101","Oil",3078,"2"
"101","Oil",2701,"2"
"111","Oil",2972,"2"
"101","Oil",2706,"2"
"101","Oil",3671,"2"
"101","Oil",3259,"2"
"101","Oil",3930,"2"
"101","Oil",3515,"1.75"
"101","Oil",1718,"1"
"101","Oil",2347,"2"
"101","Oil",1936,"1"
"101","Oil",1508,"1"
"101","Oil",2116,"2"
"101","Oil",2153,"1.5"
"101","Oil",2590,"1.75"
"101","Oil",2263,"1.5"
"101","Oil",2400,"2"
"101","Oil",3665,"1.75"
"101","Oil",1836,"2"
"101","Oil",2652,"2"
"101","Oil",1680,"2"
"101","Oil",3453,"2"
"101","Oil",1628,"1"
"101","Oil",2056,"1"
"101","Oil",1040,"1"
"101","Oil",1045,"1"
"101","Oil",1638,"1.75"
"104","Oil",2427,"2.5"
"101","Oil",2592,"2"
"931","Oil",12524,"2"
"931","Oil",11483,"1"
"931","Oil",6887,"2"
"931","Oil",31028,"2"
"931","Oil",5630,"2"
"104","Oil",2756,"1.75"
"101","Oil",2934,"1.75"
"031","Oil",1200,"1"
"031","Oil",1536,"1.5"
"101","Oil",1344,"1.75"
"104","Oil",2512,"2"
"101","Oil",3185,"2"
"902","Oil",12401,"2"
"902","Oil",63190,"3"
"101","Oil",2942,"2"
"104","Oil",2792,"1"
"104","Oil",1632,"1"
"101","Oil",546,"1"
"101","Oil",989,"1"
"101","Oil",1684,"2"
"104","Oil",1782,"2"
"101","Oil",1492,"1"
"101","Oil",1576,"1"
"101","Oil",3100,"2"
"101","Oil",3524,"2"
"101","Oil",2720,"2"
"104","Oil",1974,"1.75"
"104","Oil",3918,"2"
"104","Oil",2392,"2"
"104","Oil",3265,"2"
"101","Oil",1620,"2"
"101","Oil",1292,"1.5"
"101","Oil",1816,"1"
"101","Oil",1660,"1.75"
"101","Oil",1008,"1"
"101","Oil",1392,"1.5"
"101","Oil",1344,"1.5"
"101","Oil",896,"1.5"
"101","Oil",2372,"2"
"101","Oil",928,"1.25"
"101","Oil",2328,"2"
"101","Oil",1070,"1"
"101","Oil",2130,"1"
"101","Oil",1476,"1"
"101","Oil",2168,"2"
"101","Oil",2188,"1.75"
"101","Oil",2331,"1"
"959","Oil",2837,"2"
"101","Oil",2330,"2"
"333","Oil",2153,"1"
"322","Oil",1752,"1"
"104","Oil",2730,"1.5"
"102","Oil",1732,"2"
"102","Oil",1732,"2"
"101","Oil",2281,"1.75"
"101","Oil",1537,"1.5"
"101","Oil",1800,"1.5"
"101","Oil",2271,"1.5"
"101","Oil",3256,"2"
"101","Oil",4098,"2"
"101","Oil",1808,"1.75"
"326","Oil",4900,"1"
"326","Oil",2250,"1"
"326","Oil",996,"1"
"326","Oil",2130,"1"
"326","Oil",3600,"1"
"401","Oil",50078,"1"
"104","Oil",912,"1"
"104","Oil",1152,"1"
"101","Oil",3328,"2"
"903","Oil",59839,"1"
"101","Oil",1272,"1"
"101","Oil",1104,"1"
"101","Oil",2163,"1.5"
"400","Oil",27300,"1"
"340","Oil",49407,"1"
"401","Oil",29018,"1"
"101","Oil",1703,"1.75"
"316","Oil",3200,"1"
"101","Oil",1620,"1"
"101","Oil",2359,"1.75"
"333","Oil",5080,"1"
"326","Oil",4418,"1"
"101","Oil",1344,"1"
"101","Oil",3392,"1"
"101","Oil",1362,"2"
"101","Oil",2124,"2"
"101","Oil",2424,"2"
"101","Oil",3576,"2"
"101","Oil",1620,"1"
"101","Oil",4054,"1.75"
"101","Oil",2246,"2"
"960","Oil",10658,"1"
"960","Oil",2304,"2"
"101","Oil",1832,"2"
"101","Oil",1983,"1.75"
"101","Oil",2160,"1"
"101","Oil",2508,"2"
"101","Oil",1764,"2"
"101","Oil",1254,"1"
"101","Oil",2048,"2"
"101","Oil",3138,"1.75"
"101","Oil",1863,"1.5"
"101","Oil",1580,"1.5"
"101","Oil",1704,"1.5"
"101","Oil",827,"1.75"
"101","Oil",1755,"1"
"101","Oil",1350,"1.5"
"101","Oil",1778,"1.75"
"430","Oil",1800,"1"
"101","Oil",1679,"1"
"101","Oil",1983,"1.75"
"101","Oil",1815,"1.5"
"101","Oil",2261,"1.5"
"101","Oil",2180,"2"
"101","Oil",1084,"1.75"
"104","Oil",2055,"1"
"101","Oil",1765,"1.5"
"101","Oil",1220,"2"
"101","Oil",2043,"1"
"101","Oil",1729,"1"
"101","Oil",2601,"1.75"
"101","Oil",1562,"1"
"101","Oil",1862,"1"
"101","Oil",2293,"1.5"
"101","Oil",1272,"1.5"
"101","Oil",2028,"1.25"
"101","Oil",1052,"1.25"
"101","Oil",1663,"1.75"
"101","Oil",1692,"1"
"101","Oil",1192,"2"
"104","Oil",1828,"1"
"101","Oil",1092,"1"
"102","Oil",1246,"2"
"102","Oil",1248,"2"
"102","Oil",1232,"2"
"101","Oil",2171,"1"
"101","Oil",1808,"1"
"111","Oil",3410,"2"
"101","Oil",2128,"1.75"
"101","Oil",1682,"1"
"101","Oil",1034,"1"
"101","Oil",2580,"2"
"111","Oil",3410,"2"
"101","Oil",1284,"1.75"
"101","Oil",1953,"1.75"
"101","Oil",1446,"1"
"101","Oil",2446,"1"
"101","Oil",1860,"1.75"
"101","Oil",1640,"1"
"101","Oil",1339,"1"
"101","Oil",1295,"1"
"101","Oil",1344,"1"
"101","Oil",1284,"1"
"101","Oil",1446,"1"
"101","Oil",1602,"1"
"101","Oil",1350,"1"
"101","Oil",2486,"1"
"101","Oil",2205,"1.75"
"101","Oil",1617,"1"
"101","Oil",1179,"1"
"101","Oil",1607,"1"
"101","Oil",1216,"1"
"101","Oil",3108,"2"
"101","Oil",1696,"1.5"
"101","Oil",900,"1.5"
"101","Oil",1386,"1"
"101","Oil",1691,"1"
"101","Oil",1554,"1"
"101","Oil",2456,"1"
"101","Oil",1080,"1"
"101","Oil",1200,"1"
"101","Oil",1381,"1"
"101","Oil",1744,"1"
"401","Oil",12000,"1"
"101","Oil",2504,"1"
"101","Oil",2612,"1.75"
"101","Oil",2155,"1.25"
"101","Oil",2548,"2"
"101","Oil",2194,"1.75"
"104","Oil",2109,"1.5"
"101","Oil",2718,"2"
"101","Oil",1598,"1"
"101","Oil",1844,"1"
"101","Oil",3235,"2"
"101","Oil",1816,"1"
"805","Oil",0,NA
"805","Oil",731,NA
"433","Oil",1200,"1"
"101","Oil",5059,"2.5"
"101","Oil",2850,"2"
"101","Oil",1092,"1"
"101","Oil",2810,"2"
"101","Oil",2678,"2"
"101","Oil",5272,"2"
"101","Oil",1582,"1.75"
"101","Oil",2510,"2.5"
"101","Oil",2289,"1.5"
"101","Oil",5078,"2"
"101","Oil",2268,"1.5"
"101","Oil",1330,"1.5"
"013","Oil",2400,"1"
"013","Oil",1382,"1"
"104","Oil",1716,"1"
"101","Oil",4524,"2"
"101","Oil",4412,"2"
"101","Oil",4425,"2"
"101","Oil",6308,"2"
"101","Oil",7942,"1.75"
"101","Oil",3646,"2"
"101","Oil",2388,"2.5"
"101","Oil",1285,"1"
"101","Oil",1768,"2"
"101","Oil",1288,"1"
"101","Oil",3311,"1.75"
"101","Oil",2098,"1"
"101","Oil",2400,"2"
"101","Oil",2439,"1"
"101","Oil",1406,"1"
"013","Oil",2172,"1.75"
"101","Oil",2523,"1.75"
"109","Oil",1568,"1.75"
"101","Oil",1931,"2"
"101","Oil",1818,"1.75"
"101","Oil",1234,"1.25"
"101","Oil",1428,"1.75"
"101","Oil",2715,"1.5"
"101","Oil",1755,"1.75"
"101","Oil",1081,"1"
"101","Oil",1253,"1.5"
"101","Oil",1676,"1.75"
"104","Oil",2100,"1.75"
"101","Oil",1770,"1"
"111","Oil",2688,"2"
"101","Oil",1885,"1.5"
"101","Oil",1872,"1"
"101","Oil",2560,"2"
"101","Oil",1565,"1"
"102","Oil",1248,"1"
"101","Oil",2758,"1.75"
"101","Oil",1718,"1"
"101","Oil",1768,"1.75"
"101","Oil",1620,"1.5"
"101","Oil",2918,"2"
"101","Oil",1832,"1"
"010","Oil",1976,"1.75"
"101","Oil",1959,"2"
"101","Oil",1796,"1.75"
"010","Oil",2917,"2"
"010","Oil",1183,"2"
"332","Oil",5126,"1"
"101","Oil",1144,"1"
"101","Oil",1960,"2"
"101","Oil",1590,"1"
"101","Oil",1431,"1.5"
"101","Oil",1873,"1.25"
"101","Oil",1827,"1.75"
"101","Oil",1257,"1"
"101","Oil",2503,"2"
"101","Oil",1392,"1"
"101","Oil",1479,"2"
"101","Oil",2352,"2"
"318","Oil",616,"1"
"318","Oil",3150,"1"
"101","Oil",1481,"1.75"
"101","Oil",1920,"2"
"101","Oil",1809,"1"
"101","Oil",1912,"1.75"
"101","Oil",1272,"1.5"
"101","Oil",4188,"2"
"101","Oil",2904,"2"
"101","Oil",3150,"2"
"101","Oil",3337,"2"
"101","Oil",2664,"2"
"101","Oil",2834,"2"
"101","Oil",2837,"1.75"
"101","Oil",2810,"2"
"101","Oil",1296,"1"
"101","Oil",3953,"1.75"
"101","Oil",2563,"2"
"101","Oil",2956,"2.5"
"101","Oil",2872,"2"
"101","Oil",3240,"2"
"101","Oil",2974,"1.75"
"101","Oil",3199,"2"
"101","Oil",4520,"2"
"101","Oil",3029,"2"
"101","Oil",3244,"2"
"101","Oil",3016,"2"
"101","Oil",4224,"2"
"101","Oil",3532,"2"
"101","Oil",3544,"2"
"101","Oil",2720,"2"
"101","Oil",3139,"1.75"
"101","Oil",3912,"2"
"101","Oil",3328,"2"
"101","Oil",2876,"2"
"101","Oil",2491,"2"
"101","Oil",2191,"2"
"101","Oil",4120,"2"
"101","Oil",2056,"2"
"101","Oil",1512,"1"
"101","Oil",2440,"1.5"
"101","Oil",3132,"2"
"101","Oil",3204,"2"
"101","Oil",3244,"2"
"101","Oil",3274,"2"
"101","Oil",3413,"2"
"101","Oil",3306,"2"
"101","Oil",3727,"1"
"101","Oil",3058,"2"
"101","Oil",3212,"2"
"101","Oil",3334,"2"
"101","Oil",2560,"2"
"101","Oil",3206,"2"
"101","Oil",3339,"1.5"
"101","Oil",3524,"2"
"101","Oil",3629,"2"
"101","Oil",2892,"2"
"101","Oil",3816,"2"
"101","Oil",3468,"2.5"
"101","Oil",3727,"2"
"101","Oil",2284,"2"
"101","Oil",3498,"2"
"101","Oil",2272,"2"
"101","Oil",3198,"2"
"101","Oil",3787,"2.5"
"101","Oil",2841,"2"
"101","Oil",2778,"2"
"101","Oil",3194,"1.75"
"101","Oil",5120,"2"
"101","Oil",3490,"2"
"101","Oil",2278,"2"
"101","Oil",1280,"1"
"101","Oil",3105,"1.75"
"101","Oil",2794,"2"
"101","Oil",2823,"1.75"
"101","Oil",3111,"2"
"101","Oil",3667,"1.75"
"101","Oil",1612,"1.75"
"101","Oil",2407,"2"
"101","Oil",3712,"2"
"101","Oil",2844,"1.5"
"101","Oil",3024,"1.75"
"101","Oil",3168,"2"
"101","Oil",2880,"2"
"101","Oil",2436,"2"
"101","Oil",3029,"2"
"101","Oil",2448,"1.5"
"101","Oil",2000,"2"
"101","Oil",2571,"2"
"101","Oil",2411,"2"
"101","Oil",3287,"2"
"101","Oil",2617,"2"
"101","Oil",2752,"2"
"101","Oil",2659,"2"
"101","Oil",3935,"2"
"101","Oil",3922,"2"
"101","Oil",3898,"2"
"101","Oil",3426,"2"
"101","Oil",1420,"1.5"
"101","Oil",2110,"1"
"109","Oil",1500,"1"
"101","Oil",2073,"2"
"101","Oil",1726,"2"
"101","Oil",2707,"2"
"101","Oil",2622,"2"
"101","Oil",3377,"2"
"101","Oil",1722,"2"
"101","Oil",2035,"1.25"
"101","Oil",3568,"2.5"
"101","Oil",2221,"1.75"
"101","Oil",2881,"2"
"101","Oil",3406,"2"
"101","Oil",2898,"2"
"101","Oil",2677,"2"
"101","Oil",2557,"2"
"101","Oil",1976,"2"
"101","Oil",3501,"2"
"101","Oil",3228,"2"
"101","Oil",2770,"2"
"101","Oil",2299,"2"
"102","Oil",1275,"2"
"102","Oil",1275,"2"
"102","Oil",1275,"2"
"102","Oil",1275,"2"
"101","Oil",1520,"2"
"101","Oil",1269,"1"
"931","Oil",4944,"1"
"931","Oil",5962,"1"
"101","Oil",1635,"1.75"
"101","Oil",1456,"2"
"101","Oil",1515,"1.5"
"101","Oil",1904,"1"
"101","Oil",3265,"1"
"101","Oil",1781,"1.5"
"101","Oil",2102,"1.75"
"101","Oil",2103,"2"
"101","Oil",1872,"2"
"101","Oil",1945,"1"
"101","Oil",1120,"1"
"101","Oil",1477,"1"
"101","Oil",1376,"1"
"101","Oil",1260,"1"
"101","Oil",1723,"2.5"
"101","Oil",990,"1.25"
"111","Oil",3272,"2"
"101","Oil",1696,"1.5"
"101","Oil",4300,"2.5"
"101","Oil",2649,"2"
"101","Oil",3306,"2"
"101","Oil",1012,"1"
"101","Oil",1580,"1.5"
"101","Oil",1442,"1.5"
"101","Oil",2665,"1.75"
"104","Oil",2540,"1.75"
"101","Oil",1745,"1.5"
"101","Oil",1964,"2"
"101","Oil",1504,"2"
"101","Oil",1673,"1.75"
"101","Oil",974,"1"
"101","Oil",2687,"2"
"101","Oil",1438,"1"
"101","Oil",1183,"2"
"101","Oil",1168,"1"
"332","Oil",1260,"1"
"101","Oil",2320,"2"
"101","Oil",2475,"2"
"101","Oil",2783,"2"
"101","Oil",3386,"1.75"
"101","Oil",1231,"1"
"101","Oil",1400,"1"
"101","Oil",1144,"1"
"101","Oil",1542,"1.5"
"109","Oil",1638,"1.5"
"109","Oil",1728,"2"
"101","Oil",1892,"1.75"
"101","Oil",1370,"1"
"101","Oil",1120,"1"
"101","Oil",2108,"1"
"101","Oil",2908,"1.75"
"101","Oil",2689,"2"
"101","Oil",2540,"2"
"101","Oil",2604,"1.75"
"101","Oil",2842,"1.75"
"101","Oil",1440,"1"
"101","Oil",1564,"1.5"
"104","Oil",912,"1"
"101","Oil",1547,"1.75"
"101","Oil",1986,"1.75"
"101","Oil",1658,"1.75"
"101","Oil",4024,"2"
"101","Oil",3320,"2"
"101","Oil",2831,"2"
"101","Oil",2826,"2"
"101","Oil",2984,"1.75"
"101","Oil",3093,"1"
"101","Oil",3980,"2"
"101","Oil",2333,"1.75"
"101","Oil",4764,"2"
"101","Oil",2496,"1"
"101","Oil",2884,"2"
"101","Oil",4340,"2"
"101","Oil",2704,"2"
"101","Oil",1872,"2"
"101","Oil",2148,"2"
"101","Oil",2180,"2"
"101","Oil",3758,"2"
"101","Oil",3716,"2"
"101","Oil",2584,"2"
"101","Oil",2613,"1.75"
"101","Oil",3068,"2"
"101","Oil",2688,"2"
"101","Oil",6743,"2"
"101","Oil",2852,"2"
"101","Oil",2977,"2"
"101","Oil",3807,"2"
"101","Oil",2346,"2"
"101","Oil",3357,"2"
"101","Oil",3616,"2"
"101","Oil",2213,"2"
"101","Oil",2566,"2"
"102","Oil",2212,"2"
"102","Oil",2662,"2"
"101","Oil",3494,"2.5"
"102","Oil",2316,"2"
"102","Oil",2060,"1"
"101","Oil",2341,"1.75"
"101","Oil",1245,"1"
"101","Oil",3040,"1.75"
"101","Oil",2661,"2"
"101","Oil",1734,"2"
"101","Oil",1651,"1"
"101","Oil",3090,"2"
"101","Oil",2396,"2"
"101","Oil",2050,"1.5"
"101","Oil",4264,"1.75"
"101","Oil",3637,"2"
"101","Oil",3393,"2"
"101","Oil",4792,"2"
"101","Oil",3926,"2"
"101","Oil",3287,"2"
"101","Oil",3351,"2"
"101","Oil",3592,"2"
"101","Oil",3395,"2.5"
"101","Oil",2928,"2.5"
"101","Oil",3244,"2"
"101","Oil",3849,"2"
"101","Oil",3348,"2"
"101","Oil",3222,"2.5"
"101","Oil",3580,"2"
"101","Oil",3296,"2"
"101","Oil",2688,"2"
"101","Oil",1368,"1"
"101","Oil",1968,"2"
"101","Oil",2256,"2"
"101","Oil",1320,"1"
"101","Oil",1008,"1"
"101","Oil",798,"1"
"101","Oil",1020,"1"
"101","Oil",850,"1"
"101","Oil",1246,"1.75"
"101","Oil",4831,"1.75"
"101","Oil",2581,"2"
"101","Oil",2856,"2"
"101","Oil",3504,"2.5"
"101","Oil",2562,"1.75"
"101","Oil",4470,"2"
"101","Oil",3847,"1.75"
"931","Oil",1992,"1"
"101","Oil",1698,"2"
"101","Oil",1442,"1.5"
"101","Oil",1999,"2"
"101","Oil",2607,"2"
"101","Oil",1100,"1"
"101","Oil",1694,"1.75"
"101","Oil",1678,"1.75"
"101","Oil",1260,"1.75"
"010","Oil",4896,"2"
"104","Oil",4685,"1.75"
"101","Oil",3021,"2.5"
"013","Oil",1587,"1"
"013","Oil",2244,"1.5"
"101","Oil",2282,"2"
"111","Oil",3672,"2.5"
"101","Oil",4312,"2"
"104","Oil",3287,"2"
"101","Oil",915,"1.5"
"101","Oil",1669,"1.75"
"101","Oil",1991,"1.25"
"101","Oil",1266,"1.75"
"101","Oil",1266,"1.75"
"101","Oil",1748,"1.75"
"340","Oil",6596,"2"
"101","Oil",1332,"1.75"
"101","Oil",1137,"1"
"101","Oil",2283,"1.75"
"101","Oil",908,"1"
"101","Oil",908,"1"
"101","Oil",4097,"2.5"
"105","Oil",2839,"2.5"
"031","Oil",1680,"2"
"903","Oil",2640,"2"
"101","Oil",1863,"1"
"101","Oil",1336,"1"
"906","Oil",8475,"1"
"906","Oil",3642,"2"
"104","Oil",2003,"1"
"101","Oil",1750,"1.75"
"109","Oil",864,"1"
"109","Oil",2983,"1"
"101","Oil",2788,"2"
"101","Oil",1220,"1"
"109","Oil",1469,"1.25"
"101","Oil",2300,"2.25"
"101","Oil",1260,"1.5"
"111","Oil",4420,"2"
"101","Oil",1464,"1.75"
"101","Oil",1608,"2"
"101","Oil",1959,"2"
"101","Oil",2092,"1"
"101","Oil",1372,"1"
"101","Oil",2924,"2"
"101","Oil",2150,"1"
"101","Oil",2860,"1"
"101","Oil",1020,"1"
"101","Oil",3804,"2"
"101","Oil",2710,"2"
"101","Oil",1557,"2"
"101","Oil",1816,"1.5"
"101","Oil",1703,"1.5"
"101","Oil",878,"1"
"101","Oil",1792,"1"
"101","Oil",1300,"1.5"
"109","Oil",593,"1"
"109","Oil",2022,"2"
"013","Oil",4366,"1.5"
"013","Oil",3368,"2"
"101","Oil",2864,"2"
"101","Oil",3360,"2"
"101","Oil",5359,"2"
"101","Oil",2827,"2"
"101","Oil",1618,"1.75"
"101","Oil",1344,"1"
"101","Oil",2276,"2"
"101","Oil",4148,"2.25"
"101","Oil",2868,"2"
"101","Oil",2850,"2"
"101","Oil",2760,"2"
"101","Oil",1736,"1"
"101","Oil",3944,"1.75"
"101","Oil",1512,"1"
"101","Oil",5426,"1.5"
"101","Oil",2024,"1"
"101","Oil",2310,"2.5"
"101","Oil",2635,"2.25"
"038","Oil",20951,"1"
"101","Oil",2091,"1.5"
"101","Oil",1296,"1.5"
"101","Oil",1466,"1.75"
"101","Oil",3196,"2"
"101","Oil",2024,"1"
"101","Oil",1138,"1"
"101","Oil",2502,"2"
"101","Oil",1520,"1"
"101","Oil",1040,"1"
"101","Oil",2472,"1"
"101","Oil",2404,"2"
"101","Oil",2210,"2"
"101","Oil",3967,"2"
"101","Oil",3075,"1.75"
"101","Oil",1092,"1"
"101","Oil",4914,"1.75"
"101","Oil",3616,"2"
"101","Oil",3794,"2"
"101","Oil",3006,"2"
"101","Oil",2958,"2"
"101","Oil",3016,"2"
"101","Oil",3016,"2"
"101","Oil",3352,"2"
"101","Oil",3376,"2"
"101","Oil",3206,"2"
"101","Oil",3736,"2"
"101","Oil",4502,"2"
"101","Oil",4564,"2"
"101","Oil",3056,"2"
"101","Oil",2996,"2"
"101","Oil",3044,"2"
"101","Oil",4058,"2"
"101","Oil",4032,"2"
"101","Oil",3312,"2"
"101","Oil",3016,"2"
"101","Oil",3016,"2"
"101","Oil",2976,"2"
"101","Oil",4060,"2"
"101","Oil",4052,"2"
"101","Oil",3740,"2"
"101","Oil",3277,"2"
"101","Oil",3016,"2"
"101","Oil",3472,"2"
"101","Oil",2924,"2"
"101","Oil",3928,"2"
"101","Oil",996,"1"
"101","Oil",1914,"1.5"
"101","Oil",4112,"2"
"101","Oil",3222,"2"
"101","Oil",1323,"1"
"101","Oil",960,"1"
"101","Oil",1616,"1"
"101","Oil",1960,"1.75"
"101","Oil",2766,"2"
"101","Oil",1911,"1.75"
"101","Oil",1626,"1.5"
"101","Oil",1439,"1"
"104","Oil",1770,"1"
"104","Oil",2490,"1"
"332","Oil",1814,"1"
"101","Oil",2552,"2.5"
"101","Oil",1964,"2"
"101","Oil",2399,"2"
"101","Oil",2352,"2"
"101","Oil",2532,"1.75"
"091","Oil",26268,"1"
"091","Oil",3719,"2"
"101","Oil",1000,"1"
"101","Oil",1008,"1"
"104","Oil",2326,"1"
"101","Oil",1404,"1.5"
"101","Oil",2202,"1"
"101","Oil",3438,"2.25"
"101","Oil",3485,"1.5"
"101","Oil",1362,"1"
"109","Oil",1564,"1.5"
"101","Oil",3154,"2"
"101","Oil",1488,"1"
"101","Oil",1958,"1.75"
"101","Oil",2370,"1.75"
"101","Oil",2018,"1.75"
"101","Oil",2397,"1.75"
"101","Oil",1112,"1"
"101","Oil",1582,"1"
"101","Oil",2814,"1.75"
"101","Oil",2548,"1.75"
"101","Oil",1232,"1.75"
"101","Oil",1794,"2"
"101","Oil",1861,"1.75"
"101","Oil",2790,"2"
"101","Oil",3221,"2"
"101","Oil",4026,"2.25"
"101","Oil",2582,"2"
"101","Oil",1956,"2"
"101","Oil",2302,"2"
"101","Oil",2355,"2"
"101","Oil",1040,"1"
"101","Oil",3057,"2"
"101","Oil",3508,"2"
"101","Oil",3962,"2"
"101","Oil",3016,"2"
"101","Oil",3558,"2"
"101","Oil",3968,"2"
"101","Oil",4060,"2"
"101","Oil",3032,"2"
"101","Oil",3256,"2"
"101","Oil",3036,"2"
"101","Oil",3014,"2"
"101","Oil",3414,"2"
"101","Oil",3096,"2"
"101","Oil",3236,"2"
"101","Oil",3740,"2"
"101","Oil",2920,"2"
"101","Oil",1352,"1"
"101","Oil",2848,"2"
"101","Oil",2172,"2"
"101","Oil",2287,"2"
"104","Oil",2196,"1.5"
"101","Oil",1865,"2"
"101","Oil",1836,"2"
"101","Oil",1346,"1"
"109","Oil",1458,"1.5"
"101","Oil",1647,"2"
"102","Oil",1260,"2"
"102","Oil",1260,"2"
"101","Oil",1476,"2"
"101","Oil",2743,"1.5"
"101","Oil",2825,"1.75"
"104","Oil",2464,"2"
"109","Oil",1998,"1.75"
"010","Oil",1516,"1"
"101","Oil",1120,"1"
"101","Oil",2074,"2"
"101","Oil",2304,"2"
"109","Oil",3799,"2"
"101","Oil",3340,"1"
"101","Oil",1242,"1"
"101","Oil",3704,"2"
"101","Oil",3241,"2"
"101","Oil",4824,"2"
"101","Oil",2818,"2"
"101","Oil",2779,"2"
"101","Oil",3321,"1.75"
"101","Oil",2814,"2"
"101","Oil",4368,"2"
"101","Oil",3003,"2"
"101","Oil",3399,"2"
"101","Oil",3068,"2"
"101","Oil",3352,"2"
"101","Oil",2096,"1"
"101","Oil",2226,"1.5"
"101","Oil",2422,"2"
"101","Oil",2796,"1"
"101","Oil",2364,"2"
"101","Oil",2874,"2"
"101","Oil",3414,"2"
"101","Oil",3554,"2"
"101","Oil",3562,"2"
"101","Oil",2314,"2"
"101","Oil",2898,"2"
"101","Oil",3536,"2"
"101","Oil",1610,"1.75"
"101","Oil",2690,"2"
"101","Oil",2279,"2"
"101","Oil",3352,"2"
"934","Oil",86038,"2"
"101","Oil",1939,"1"
"101","Oil",1729,"1.75"
"101","Oil",1776,"1.75"
"101","Oil",2532,"2.5"
"101","Oil",2829,"2"
"101","Oil",2888,"2"
"101","Oil",4338,"2"
"101","Oil",2040,"2"
"101","Oil",1196,"1"
"101","Oil",2359,"2"
"101","Oil",3641,"2"
"101","Oil",3911,"1"
"013","Oil",1632,"1.5"
"013","Oil",3669,"2"
"101","Oil",2851,"2"
"102","Oil",1848,"1"
"102","Oil",2232,"1.5"
"101","Oil",2326,"2"
"101","Oil",2520,"1.5"
"101","Oil",3548,"2"
"101","Oil",1527,"1.5"
"101","Oil",1104,"1"
"101","Oil",1476,"1"
"101","Oil",1788,"1.75"
"101","Oil",1264,"1"
"101","Oil",2146,"2"
"101","Oil",2166,"1.75"
"101","Oil",1776,"1"
"101","Oil",2164,"1.5"
"101","Oil",2108,"1.5"
"109","Oil",3412,"2"
"101","Oil",2577,"2"
"101","Oil",4428,"2"
"101","Oil",2240,"1.75"
"101","Oil",2176,"2"
"101","Oil",2976,"2"
"101","Oil",2414,"2"
"101","Oil",3648,"2"
"101","Oil",3384,"2"
"101","Oil",1137,"1"
"101","Oil",1614,"1"
"101","Oil",1456,"1.75"
"101","Oil",2402,"1"
"101","Oil",1116,"1"
"101","Oil",2991,"1.75"
"101","Oil",1120,"1.5"
"101","Oil",1268,"1"
"101","Oil",2164,"2"
"101","Oil",2414,"2"
"101","Oil",1676,"1"
"101","Oil",1926,"1.75"
"101","Oil",1692,"2"
"101","Oil",1697,"1.5"
"101","Oil",2340,"2"
"101","Oil",2046,"1"
"101","Oil",2928,"2"
"101","Oil",2039,"2"
"101","Oil",2496,"2"
"101","Oil",2766,"2"
"101","Oil",2036,"1.5"
"101","Oil",2682,"2"
"101","Oil",1760,"1"
"101","Oil",2330,"2.5"
"101","Oil",2300,"1"
"101","Oil",2304,"2"
"101","Oil",1428,"1.75"
"101","Oil",2276,"2"
"101","Oil",2080,"2"
"101","Oil",1354,"1.75"
"101","Oil",2726,"2"
"101","Oil",1940,"2"
"101","Oil",1965,"1.75"
"101","Oil",2573,"1.5"
"101","Oil",1056,"1"
"101","Oil",1663,"1.75"
"101","Oil",1623,"1.5"
"101","Oil",1936,"1"
"101","Oil",1341,"1"
"101","Oil",1209,"1"
"101","Oil",2362,"2"
"101","Oil",2520,"2"
"104","Oil",1638,"1.75"
"104","Oil",1970,"1"
"101","Oil",1296,"1.5"
"101","Oil",4224,"2"
"101","Oil",4446,"2"
"101","Oil",2331,"2"
"101","Oil",1040,"1"
"101","Oil",2346,"1.75"
"101","Oil",1120,"1"
"101","Oil",1687,"1"
"101","Oil",988,"1"
"101","Oil",3108,"2"
"101","Oil",1694,"1.75"
"101","Oil",2849,"1.75"
"101","Oil",2178,"2.5"
"101","Oil",2028,"2.5"
"101","Oil",3396,"2"
"101","Oil",3696,"2"
"101","Oil",4838,"2"
"101","Oil",3382,"2"
"101","Oil",3391,"2"
"101","Oil",3554,"2"
"101","Oil",2028,"2"
"101","Oil",1728,"2"
"101","Oil",2525,"1.75"
"101","Oil",3459,"2"
"101","Oil",2560,"2.5"
"101","Oil",2400,"2"
"101","Oil",1408,"1.5"
"101","Oil",3043,"2"
"101","Oil",1857,"1.5"
"101","Oil",5764,"2"
"101","Oil",1068,"1"
"101","Oil",1318,"1"
"101","Oil",2122,"1.5"
"101","Oil",1728,"2.5"
"101","Oil",1652,"1"
"101","Oil",3063,"2"
"101","Oil",3064,"2"
"101","Oil",2678,"1.75"
"101","Oil",4149,"2"
"101","Oil",3131,"1.75"
"101","Oil",3536,"2"
"101","Oil",6138,"2.5"
"101","Oil",3044,"2"
"101","Oil",4407,"2"
"101","Oil",2256,"2"
"101","Oil",2472,"2"
"101","Oil",2512,"2"
"101","Oil",1190,"1"
"101","Oil",2341,"2"
"101","Oil",2695,"2"
"101","Oil",3072,"2"
"101","Oil",3547,"2"
"101","Oil",3136,"2"
"101","Oil",3368,"1.5"
"101","Oil",2942,"2"
"101","Oil",4984,"2"
"101","Oil",2436,"2"
"101","Oil",3225,"1"
"101","Oil",2284,"2"
"101","Oil",432,"1.25"
"101","Oil",2216,"1.5"
"101","Oil",3464,"1"
"915","Oil",984,"1"
"915","Oil",967,"1"
"010","Oil",1680,"2"
